{"cameraMode":{"drawMode":0,"name":"Shaded","section":"Shading Mode"},"sceneLighting":true,"audioPlay":false,"sceneViewState":{"showFog":true,"showMaterialUpdate":false,"showSkybox":true,"showFlares":true,"showImageEffects":true,"showParticleSystems":true},"in2DMode":false,"pivot":{"x":-2.0652685165405275,"y":-0.018555402755737306,"z":0.08348941802978516},"rotation":{"x":-0.33037155866622927,"y":0.03199495002627373,"z":-0.011206408962607384,"w":-0.9432433247566223},"size":5.716312408447266,"orthographic":false}