{"cameraMode":{"drawMode":0,"name":"Shaded","section":"Shading Mode"},"sceneLighting":true,"audioPlay":false,"sceneViewState":{"showFog":true,"showMaterialUpdate":false,"showSkybox":true,"showFlares":true,"showImageEffects":true,"showParticleSystems":true},"in2DMode":false,"pivot":{"x":3.668283462524414,"y":-0.9046039581298828,"z":13.687530517578125},"rotation":{"x":0.3045596182346344,"y":-0.5384740233421326,"z":0.217197984457016,"w":0.7550595998764038},"size":100.29800415039063,"orthographic":false}