{"cameraMode":{"drawMode":0,"name":"Shaded","section":"Shading Mode"},"sceneLighting":true,"audioPlay":false,"sceneViewState":{"showFog":true,"showMaterialUpdate":false,"showSkybox":true,"showFlares":true,"showImageEffects":true,"showParticleSystems":true},"in2DMode":false,"pivot":{"x":-0.26832008361816409,"y":-0.5272979736328125,"z":1.536947250366211},"rotation":{"x":0.38304403424263,"y":-0.37014660239219668,"z":0.1710568070411682,"w":0.8288609981536865},"size":27.424650192260743,"orthographic":false}