{"cameraMode":{"drawMode":0,"name":"Shaded","section":"Shading Mode"},"sceneLighting":true,"audioPlay":false,"sceneViewState":{"showFog":true,"showMaterialUpdate":false,"showSkybox":true,"showFlares":true,"showImageEffects":true,"showParticleSystems":true},"in2DMode":false,"pivot":{"x":1.9026830196380616,"y":0.75,"z":10.089127540588379},"rotation":{"x":0.006523515563458204,"y":0.9630027413368225,"z":-0.26839596033096316,"w":0.02340640313923359},"size":2.645151138305664,"orthographic":false}