{"cameraMode":{"drawMode":0,"name":"Shaded","section":"Shading Mode"},"sceneLighting":true,"audioPlay":false,"sceneViewState":{"showFog":true,"showMaterialUpdate":false,"showSkybox":false,"showFlares":true,"showImageEffects":true,"showParticleSystems":true},"in2DMode":false,"pivot":{"x":0.12835121154785157,"y":0.08288103342056275,"z":-0.08928433060646057},"rotation":{"x":0.19151952862739564,"y":0.7459562420845032,"z":-0.24208758771419526,"w":0.5901386737823486},"size":1.3863072395324708,"orthographic":false}