{"cameraMode":{"drawMode":0,"name":"Shaded","section":"Shading Mode"},"sceneLighting":true,"audioPlay":false,"sceneViewState":{"showFog":true,"showMaterialUpdate":false,"showSkybox":true,"showFlares":true,"showImageEffects":true,"showParticleSystems":true},"in2DMode":false,"pivot":{"x":-0.2971487045288086,"y":-2.0498733520507814,"z":1.47637939453125},"rotation":{"x":0.03088502213358879,"y":0.9455534219741821,"z":-0.3100019693374634,"w":0.0942041203379631},"size":26.186758041381837,"orthographic":false}