{"cameraMode":{"drawMode":0,"name":"Shaded","section":"Shading Mode"},"sceneLighting":true,"audioPlay":false,"sceneViewState":{"showFog":true,"showMaterialUpdate":false,"showSkybox":true,"showFlares":true,"showImageEffects":true,"showParticleSystems":true},"in2DMode":false,"pivot":{"x":15.702890396118164,"y":9.076776504516602,"z":9.637174606323243},"rotation":{"x":-0.06704425811767578,"y":0.8812081217765808,"z":-0.4490765631198883,"w":-0.13155880570411683},"size":34.04962921142578,"orthographic":false}