{"cameraMode":{"drawMode":0,"name":"Shaded","section":"Shading Mode"},"sceneLighting":true,"audioPlay":false,"sceneViewState":{"showFog":true,"showMaterialUpdate":false,"showSkybox":true,"showFlares":true,"showImageEffects":true,"showParticleSystems":true},"in2DMode":false,"pivot":{"x":-3.70015811920166,"y":7.58971643447876,"z":-4.108392238616943},"rotation":{"x":0.33026716113090517,"y":-0.6082512736320496,"z":0.30767831206321719,"w":0.6529057025909424},"size":8.410599708557129,"orthographic":false}